{
	"info": {
		"_postman_id": "e38cfb3a-778d-4f3d-b84f-9a4ef44c1e6c",
		"name": "Desenvolvedor",
		"schema": "https://schema.getpostman.com/json/collection/v2.1.0/collection.json"
	},
	"item": [
		{
			"name": "save",
			"request": {
				"method": "POST",
				"header": [],
				"body": {
					"mode": "raw",
					"raw": "{\n \"nome\": \"Gersonilton\",\n \"email\": \"germiniano@bandtec.com\",\n \"telefone\": \"12345678911\",\n \"nacionalidade\": \"Brasileiro\",\n \"cep\": \"12345-678\",\n \"cpf\": \"47831299831\",\n \"descricao\": \"Estudante de ADS\",\n \"valorHora\": 200,\n \"linguagem\": \"Java\",\n \"anosExperiencia\": 0,\n \"usuario\": \"Marcinho\",\n \"senha\": \"Senha1234567\"\n}",
					"options": {
						"raw": {
							"language": "json"
						}
					}
				},
				"url": {
					"raw": "localhost:8080/devfy/desenvolvedores",
					"host": [
						"localhost"
					],
					"port": "8080",
					"path": [
						"devfy",
						"desenvolvedores"
					]
				}
			},
			"response": []
		},
		{
			"name": "getAll",
			"request": {
				"method": "GET",
				"header": [],
				"url": {
					"raw": "localhost:8080/devfy/desenvolvedores",
					"host": [
						"localhost"
					],
					"port": "8080",
					"path": [
						"devfy",
						"desenvolvedores"
					]
				},
				"description": "Lista os projetos da empresa"
			},
			"response": []
		},
		{
			"name": "update",
			"request": {
				"method": "PUT",
				"header": [],
				"body": {
					"mode": "raw",
					"raw": "{\n \"nome\": \"Gersonilton\",\n \"email\": \"germiniano@bandtec.com\",\n \"telefone\": \"12345678911\",\n \"nacionalidade\": \"Brasileiro\",\n \"cep\": \"12345-678\",\n \"cpf\": \"47831299831\",\n \"descricao\": \"Estudante de CCO\",\n \"valorHora\": 200,\n \"linguagem\": \"Java\",\n \"anosExperiencia\": 0,\n \"usuario\": \"Marcinho\",\n \"senha\": \"Senha1234567\"\n}",
					"options": {
						"raw": {
							"language": "json"
						}
					}
				},
				"url": {
					"raw": "localhost:8080/devfy/desenvolvedores/1",
					"host": [
						"localhost"
					],
					"port": "8080",
					"path": [
						"devfy",
						"desenvolvedores",
						"1"
					]
				}
			},
			"response": []
		},
		{
			"name": "delete",
			"request": {
				"method": "DELETE",
				"header": [],
				"url": {
					"raw": "localhost:8080/devfy/desenvolvedores/1",
					"host": [
						"localhost"
					],
					"port": "8080",
					"path": [
						"devfy",
						"desenvolvedores",
						"1"
					]
				}
			},
			"response": []
		},
		{
			"name": "login",
			"request": {
				"method": "POST",
				"header": [],
				"body": {
					"mode": "raw",
					"raw": "{\n    \"usuario\": \"Marcinho\",\n    \"senha\": \"Senha1234567\"\n}",
					"options": {
						"raw": {
							"language": "json"
						}
					}
				},
				"url": {
					"raw": "localhost:8080/devfy/desenvolvedores/login",
					"host": [
						"localhost"
					],
					"port": "8080",
					"path": [
						"devfy",
						"desenvolvedores",
						"login"
					]
				}
			},
			"response": []
		},
		{
			"name": "logoff",
			"request": {
				"method": "POST",
				"header": [],
				"url": {
					"raw": "localhost:8080/devfy/desenvolvedores/logoff/1",
					"host": [
						"localhost"
					],
					"port": "8080",
					"path": [
						"devfy",
						"desenvolvedores",
						"logoff",
						"1"
					]
				}
			},
			"response": []
		}
	]
}