{
	"info": {
		"_postman_id": "7476bfb3-fdd9-4a2c-9e7f-ac27d35ff933",
		"name": "Empresa",
		"schema": "https://schema.getpostman.com/json/collection/v2.1.0/collection.json"
	},
	"item": [
		{
			"name": "save",
			"request": {
				"method": "POST",
				"header": [],
				"body": {
					"mode": "raw",
					"raw": "{\n    \"nome\": \"BANDTEC DigitalSchool\",\n    \"email\": \"bandtec@bandtec.br\",\n    \"telefone\": \"11988887777\",\n    \"pais\": \"Brasil\",\n    \"cep\": \"12345-123\",\n    \"representante\": \"Veralucia\",\n    \"telefoneRepresentante\": \"11922223333\",\n    \"usuario\": \"DigitalSchool\",\n    \"senha\": \"Academico123\",\n    \"cnpj\": \"46.562.748/0001-89\"\n}",
					"options": {
						"raw": {
							"language": "json"
						}
					}
				},
				"url": {
					"raw": "localhost:8080/devfy/empresas",
					"host": [
						"localhost"
					],
					"port": "8080",
					"path": [
						"devfy",
						"empresas"
					]
				}
			},
			"response": []
		},
		{
			"name": "getAll",
			"request": {
				"method": "GET",
				"header": [],
				"url": {
					"raw": "localhost:8080/devfy/empresas",
					"host": [
						"localhost"
					],
					"port": "8080",
					"path": [
						"devfy",
						"empresas"
					]
				},
				"description": "Lista os projetos da empresa"
			},
			"response": []
		},
		{
			"name": "update",
			"request": {
				"method": "PUT",
				"header": [],
				"body": {
					"mode": "raw",
					"raw": "{\n    \"nome\": \"BANDTEC DigitalSchool\",\n    \"email\": \"bandtec@digitalschool.br\",\n    \"telefone\": \"11988887777\",\n    \"pais\": \"Brasil\",\n    \"cep\": \"12345-123\",\n    \"representante\": \"Veralucia\",\n    \"telefoneRepresentante\": \"11922223333\",\n    \"usuario\": \"DigitalSchool\",\n    \"senha\": \"Academico123\",\n    \"cnpj\": \"46.562.748/0001-89\"\n}",
					"options": {
						"raw": {
							"language": "json"
						}
					}
				},
				"url": {
					"raw": "localhost:8080/devfy/empresas/1",
					"host": [
						"localhost"
					],
					"port": "8080",
					"path": [
						"devfy",
						"empresas",
						"1"
					]
				}
			},
			"response": []
		},
		{
			"name": "delete",
			"request": {
				"method": "DELETE",
				"header": [],
				"url": {
					"raw": "localhost:8080/devfy/empresas/1",
					"host": [
						"localhost"
					],
					"port": "8080",
					"path": [
						"devfy",
						"empresas",
						"1"
					]
				}
			},
			"response": []
		},
		{
			"name": "login",
			"request": {
				"method": "POST",
				"header": [],
				"body": {
					"mode": "raw",
					"raw": "{\n    \"usuario\": \"DigitalSchool\",\n    \"senha\": \"Academico123\"\n}",
					"options": {
						"raw": {
							"language": "json"
						}
					}
				},
				"url": {
					"raw": "localhost:8080/devfy/empresas/login",
					"host": [
						"localhost"
					],
					"port": "8080",
					"path": [
						"devfy",
						"empresas",
						"login"
					]
				}
			},
			"response": []
		},
		{
			"name": "logoff",
			"request": {
				"method": "POST",
				"header": [],
				"url": {
					"raw": "localhost:8080/devfy/desenvolvedores/logoff/1",
					"host": [
						"localhost"
					],
					"port": "8080",
					"path": [
						"devfy",
						"desenvolvedores",
						"logoff",
						"1"
					]
				}
			},
			"response": []
		}
	]
}