{
	"info": {
		"_postman_id": "e0296549-caee-4e34-b8e6-946a5c163dc2",
		"name": "Projetos",
		"schema": "https://schema.getpostman.com/json/collection/v2.1.0/collection.json"
	},
	"item": [
		{
			"name": "delete",
			"request": {
				"method": "DELETE",
				"header": [],
				"url": {
					"raw": "localhost:8080/devfy/projetos/1",
					"host": [
						"localhost"
					],
					"port": "8080",
					"path": [
						"devfy",
						"projetos",
						"1"
					]
				}
			},
			"response": []
		},
		{
			"name": "getAll",
			"request": {
				"method": "GET",
				"header": [],
				"url": {
					"raw": "localhost:8080/devfy/projetos/buscar/Site Institucional",
					"host": [
						"localhost"
					],
					"port": "8080",
					"path": [
						"devfy",
						"projetos",
						"buscar",
						"Site Institucional"
					]
				},
				"description": "Lista os projetos da empresa"
			},
			"response": []
		},
		{
			"name": "update",
			"request": {
				"method": "PUT",
				"header": [],
				"body": {
					"mode": "raw",
					"raw": "{\n    \"titulo\": \"Site Institucional\",\n    \"linguagem\": \"React\",\n    \"descricao\": \"Site moderno em React\",\n    \"categoria\": \"Web\",\n    \"valor\": 5100.0\n}",
					"options": {
						"raw": {
							"language": "json"
						}
					}
				},
				"url": {
					"raw": "localhost:8080/devfy/projetos/1",
					"host": [
						"localhost"
					],
					"port": "8080",
					"path": [
						"devfy",
						"projetos",
						"1"
					]
				}
			},
			"response": []
		},
		{
			"name": "save",
			"request": {
				"method": "POST",
				"header": [],
				"body": {
					"mode": "raw",
					"raw": "{\n    \"titulo\": \"Site Institucional\",\n    \"linguagem\": \".NET\",\n    \"descricao\": \"Site para divulgar minha empresa\",\n    \"categoria\": \"Web\",\n    \"valor\": 3400.0\n}",
					"options": {
						"raw": {
							"language": "json"
						}
					}
				},
				"url": {
					"raw": "localhost:8080/devfy/projetos",
					"host": [
						"localhost"
					],
					"port": "8080",
					"path": [
						"devfy",
						"projetos"
					]
				}
			},
			"response": []
		},
		{
			"name": "getProjetoByTitulo",
			"request": {
				"method": "GET",
				"header": [],
				"url": {
					"raw": "localhost:8080/devfy/buscar/projetos/Projeto",
					"host": [
						"localhost"
					],
					"port": "8080",
					"path": [
						"devfy",
						"buscar",
						"projetos",
						"Projeto"
					]
				}
			},
			"response": []
		},
		{
			"name": "associarDev",
			"request": {
				"method": "PUT",
				"header": [],
				"url": {
					"raw": "localhost:8080/devfy/projetos/associar-dev/1/1",
					"host": [
						"localhost"
					],
					"port": "8080",
					"path": [
						"devfy",
						"projetos",
						"associar-dev",
						"1",
						"1"
					]
				}
			},
			"response": []
		},
		{
			"name": "associarEmp",
			"request": {
				"method": "PUT",
				"header": [],
				"url": {
					"raw": "localhost:8080/devfy/projetos/associar-emp/1/1",
					"host": [
						"localhost"
					],
					"port": "8080",
					"path": [
						"devfy",
						"projetos",
						"associar-emp",
						"1",
						"1"
					]
				}
			},
			"response": []
		},
		{
			"name": "export-csv",
			"request": {
				"method": "GET",
				"header": [],
				"url": {
					"raw": "localhost:8080/devfy/projetos/export-csv",
					"host": [
						"localhost"
					],
					"port": "8080",
					"path": [
						"devfy",
						"projetos",
						"export-csv"
					]
				}
			},
			"response": []
		}
	]
}